ticker,date,open,high,low,close,volume,ex-dividend,split_ratio,adj_open,adj_high,adj_low,adj_close,adj_volume
FB,2015-01-02,78.58,78.93,77.7,78.45,18177475.0,0.0,1.0,78.58,78.93,77.7,78.45,18177475.0
FB,2015-01-05,77.98,79.2455,76.86,77.19,26452191.0,0.0,1.0,77.98,79.2455,76.86,77.19,26452191.0
FB,2015-01-06,77.23,77.59,75.365,76.15,27399288.0,0.0,1.0,77.23,77.59,75.365,76.15,27399288.0
FB,2015-01-07,76.76,77.36,75.82,76.15,22045333.0,0.0,1.0,76.76,77.36,75.82,76.15,22045333.0
FB,2015-01-08,76.74,78.23,76.08,78.175,23960953.0,0.0,1.0,76.74,78.23,76.08,78.175,23960953.0
FB,2015-01-09,78.2,78.62,77.2,77.74,21004109.0,0.0,1.0,78.2,78.62,77.2,77.74,21004109.0
FB,2015-01-12,77.84,78.0,76.21,76.72,19190194.0,0.0,1.0,77.84,78.0,76.21,76.72,19190194.0
FB,2015-01-13,77.23,78.08,75.85,76.45,25179561.0,0.0,1.0,77.23,78.08,75.85,76.45,25179561.0
FB,2015-01-14,76.42,77.2,76.0291,76.28,25918564.0,0.0,1.0,76.42,77.2,76.0291,76.28,25918564.0
FB,2015-01-15,76.4,76.57,73.54,74.05,34133974.0,0.0,1.0,76.4,76.57,73.54,74.05,34133974.0
FB,2015-01-16,74.04,75.32,73.84,75.18,21791529.0,0.0,1.0,74.04,75.32,73.84,75.18,21791529.0
FB,2015-01-20,75.72,76.31,74.82,76.24,22821614.0,0.0,1.0,75.72,76.31,74.82,76.24,22821614.0
FB,2015-01-21,76.16,77.3,75.85,76.74,25096737.0,0.0,1.0,76.16,77.3,75.85,76.74,25096737.0
FB,2015-01-22,77.17,77.75,76.68,77.65,19519458.0,0.0,1.0,77.17,77.75,76.68,77.65,19519458.0
FB,2015-01-23,77.65,78.19,77.04,77.83,16746503.0,0.0,1.0,77.65,78.19,77.04,77.83,16746503.0
FB,2015-01-26,77.98,78.47,77.29,77.495,19260820.0,0.0,1.0,77.98,78.47,77.29,77.495,19260820.0
FB,2015-01-27,76.71,76.88,75.63,75.78,20109977.0,0.0,1.0,76.71,76.88,75.63,75.78,20109977.0
FB,2015-01-28,76.9,77.638,76.0,76.24,53306422.0,0.0,1.0,76.9,77.638,76.0,76.24,53306422.0
FB,2015-01-29,76.85,78.02,74.21,78.0,61293468.0,0.0,1.0,76.85,78.02,74.21,78.0,61293468.0
FB,2015-01-30,78.0,78.16,75.75,75.91,42649491.0,0.0,1.0,78.0,78.16,75.75,75.91,42649491.0
FB,2015-02-02,76.11,76.14,73.75,74.99,41955258.0,0.0,1.0,76.11,76.14,73.75,74.99,41955258.0
FB,2015-02-03,75.19,75.58,73.86,75.4,26957714.0,0.0,1.0,75.19,75.58,73.86,75.4,26957714.0
FB,2015-02-04,75.09,76.35,75.01,75.63,20277368.0,0.0,1.0,75.09,76.35,75.01,75.63,20277368.0
FB,2015-02-05,75.71,75.98,75.21,75.615,15062573.0,0.0,1.0,75.71,75.98,75.21,75.615,15062573.0
FB,2015-02-06,75.68,75.7,74.25,74.47,21210994.0,0.0,1.0,75.68,75.7,74.25,74.47,21210994.0
FB,2015-02-09,74.05,74.83,73.45,74.44,16194322.0,0.0,1.0,74.05,74.83,73.45,74.44,16194322.0
FB,2015-02-10,74.85,75.34,74.5,75.19,15811344.0,0.0,1.0,74.85,75.34,74.5,75.19,15811344.0
FB,2015-02-11,75.09,76.75,75.03,76.51,20877427.0,0.0,1.0,75.09,76.75,75.03,76.51,20877427.0
FB,2015-02-12,76.86,76.87,75.89,76.23,17234976.0,0.0,1.0,76.86,76.87,75.89,76.23,17234976.0
FB,2015-02-13,76.46,76.48,75.5,75.74,18621860.0,0.0,1.0,76.46,76.48,75.5,75.74,18621860.0
FB,2015-02-17,75.3,76.91,75.08,75.6,25254400.0,0.0,1.0,75.3,76.91,75.08,75.6,25254400.0
FB,2015-02-18,75.94,76.9,75.45,76.71,22426421.0,0.0,1.0,75.94,76.9,75.45,76.71,22426421.0
FB,2015-02-19,76.986,79.84,76.95,79.42,45851177.0,0.0,1.0,76.986,79.84,76.95,79.42,45851177.0
FB,2015-02-20,79.55,80.34,79.2,79.895,36931698.0,0.0,1.0,79.55,80.34,79.2,79.895,36931698.0
FB,2015-02-23,79.96,80.19,78.38,78.84,24139056.0,0.0,1.0,79.96,80.19,78.38,78.84,24139056.0
FB,2015-02-24,78.5,79.48,78.1,78.45,18897133.0,0.0,1.0,78.5,79.48,78.1,78.45,18897133.0
FB,2015-02-25,78.5,80.2,78.5,79.56,25593800.0,0.0,1.0,78.5,80.2,78.5,79.56,25593800.0
FB,2015-02-26,79.88,81.37,79.72,80.41,31111891.0,0.0,1.0,79.88,81.37,79.72,80.41,31111891.0
FB,2015-02-27,80.68,81.23,78.62,78.97,30739197.0,0.0,1.0,80.68,81.23,78.62,78.97,30739197.0
FB,2015-03-02,79.0,79.855,78.52,79.75,21662537.0,0.0,1.0,79.0,79.855,78.52,79.75,21662537.0
FB,2015-03-03,79.61,79.7,78.52,79.6,18634973.0,0.0,1.0,79.61,79.7,78.52,79.6,18634973.0
FB,2015-03-04,79.3,81.15,78.85,80.895,28126686.0,0.0,1.0,79.3,81.15,78.85,80.895,28126686.0
FB,2015-03-05,81.23,81.99,81.05,81.21,27825733.0,0.0,1.0,81.23,81.99,81.05,81.21,27825733.0
FB,2015-03-06,80.9,81.33,79.83,80.005,24488581.0,0.0,1.0,80.9,81.33,79.83,80.005,24488581.0
FB,2015-03-09,79.68,79.91,78.63,79.44,18925097.0,0.0,1.0,79.68,79.91,78.63,79.44,18925097.0
FB,2015-03-10,78.5,79.26,77.55,77.55,23067057.0,0.0,1.0,78.5,79.26,77.55,77.55,23067057.0
FB,2015-03-11,77.8,78.43,77.26,77.57,20215704.0,0.0,1.0,77.8,78.43,77.26,77.57,20215704.0
FB,2015-03-12,78.1,79.05,77.91,78.93,16093319.0,0.0,1.0,78.1,79.05,77.91,78.93,16093319.0
FB,2015-03-13,78.6,79.38,77.68,78.05,18557296.0,0.0,1.0,78.6,79.38,77.68,78.05,18557296.0
FB,2015-03-16,77.96,78.12,77.36,78.07,19305406.0,0.0,1.0,77.96,78.12,77.36,78.07,19305406.0
FB,2015-03-17,78.36,79.78,78.34,79.365,22169969.0,0.0,1.0,78.36,79.78,78.34,79.365,22169969.0
FB,2015-03-18,79.25,81.24,79.17,80.91,36912446.0,0.0,1.0,79.25,81.24,79.17,80.91,36912446.0
FB,2015-03-19,81.12,83.0,81.0,82.75,42099523.0,0.0,1.0,81.12,83.0,81.0,82.75,42099523.0
FB,2015-03-20,83.39,84.6,83.07,83.8,44466323.0,0.0,1.0,83.39,84.6,83.07,83.8,44466323.0
FB,2015-03-23,83.92,84.96,83.3,84.43,27357333.0,0.0,1.0,83.92,84.96,83.3,84.43,27357333.0
FB,2015-03-24,84.71,86.0699,84.52,85.31,32576522.0,0.0,1.0,84.71,86.0699,84.52,85.31,32576522.0
FB,2015-03-25,85.5,85.52,82.92,82.92,37436147.0,0.0,1.0,85.5,85.52,82.92,82.92,37436147.0
FB,2015-03-26,82.72,83.77,82.14,83.01,32794800.0,0.0,1.0,82.72,83.77,82.14,83.01,32794800.0
FB,2015-03-27,83.38,83.95,82.88,83.3,18372582.0,0.0,1.0,83.38,83.95,82.88,83.3,18372582.0
FB,2015-03-30,83.81,84.34,82.41,83.195,24527686.0,0.0,1.0,83.81,84.34,82.41,83.195,24527686.0
FB,2015-03-31,82.9,83.5,82.21,82.215,19734277.0,0.0,1.0,82.9,83.5,82.21,82.215,19734277.0
FB,2015-04-01,82.5,82.72,80.87,81.665,22058167.0,0.0,1.0,82.5,82.72,80.87,81.665,22058167.0
FB,2015-04-02,82.25,82.56,81.44,81.555,19664053.0,0.0,1.0,82.25,82.56,81.44,81.555,19664053.0
FB,2015-04-06,80.8,82.81,80.8,82.44,19062934.0,0.0,1.0,80.8,82.81,80.8,82.44,19062934.0
FB,2015-04-07,82.65,83.42,82.22,82.32,17467042.0,0.0,1.0,82.65,83.42,82.22,82.32,17467042.0
FB,2015-04-08,82.63,83.1,81.84,82.275,18966732.0,0.0,1.0,82.63,83.1,81.84,82.275,18966732.0
FB,2015-04-09,82.5,82.8,81.71,82.17,15927281.0,0.0,1.0,82.5,82.8,81.71,82.17,15927281.0
FB,2015-04-10,82.21,82.61,81.91,82.04,12529738.0,0.0,1.0,82.21,82.61,81.91,82.04,12529738.0
FB,2015-04-13,81.93,83.94,81.92,83.01,26883094.0,0.0,1.0,81.93,83.94,81.92,83.01,26883094.0
FB,2015-04-14,83.17,83.69,82.44,83.515,19634173.0,0.0,1.0,83.17,83.69,82.44,83.515,19634173.0
FB,2015-04-15,83.55,83.66,82.27,82.705,22390943.0,0.0,1.0,83.55,83.66,82.27,82.705,22390943.0
FB,2015-04-16,82.47,83.07,82.15,82.31,13769687.0,0.0,1.0,82.47,83.07,82.15,82.31,13769687.0
FB,2015-04-17,81.48,82.11,80.37,80.775,24214983.0,0.0,1.0,81.48,82.11,80.37,80.775,24214983.0
FB,2015-04-20,81.54,83.15,81.24,83.09,28796761.0,0.0,1.0,81.54,83.15,81.24,83.09,28796761.0
FB,2015-04-21,84.0,84.49,83.54,83.62,27171852.0,0.0,1.0,84.0,84.49,83.54,83.62,27171852.0
FB,2015-04-22,84.32,84.74,83.65,84.63,45547963.0,0.0,1.0,84.32,84.74,83.65,84.63,45547963.0
FB,2015-04-23,84.1,85.59,82.41,82.41,73728080.0,0.0,1.0,84.1,85.59,82.41,82.41,73728080.0
FB,2015-04-24,82.77,82.94,81.48,81.53,29660356.0,0.0,1.0,82.77,82.94,81.48,81.53,29660356.0
FB,2015-04-27,81.87,82.93,81.63,81.91,25446032.0,0.0,1.0,81.87,82.93,81.63,81.91,25446032.0
FB,2015-04-28,81.83,81.9,80.23,80.68,23775344.0,0.0,1.0,81.83,81.9,80.23,80.68,23775344.0
FB,2015-04-29,80.01,81.39,79.52,80.465,26430258.0,0.0,1.0,80.01,81.39,79.52,80.465,26430258.0
FB,2015-04-30,80.01,80.96,78.32,78.77,28999005.0,0.0,1.0,80.01,80.96,78.32,78.77,28999005.0
FB,2015-05-01,79.24,79.76,78.11,78.99,24136358.0,0.0,1.0,79.24,79.76,78.11,78.99,24136358.0
FB,2015-05-04,79.33,79.69,78.6301,78.81,14691991.0,0.0,1.0,79.33,79.69,78.6301,78.81,14691991.0
FB,2015-05-05,78.55,78.8,77.22,77.56,22311318.0,0.0,1.0,78.55,78.8,77.22,77.56,22311318.0
FB,2015-05-06,77.97,78.81,77.05,78.1,28663026.0,0.0,1.0,77.97,78.81,77.05,78.1,28663026.0
FB,2015-05-07,78.0,78.94,77.56,78.425,19749428.0,0.0,1.0,78.0,78.94,77.56,78.425,19749428.0
FB,2015-05-08,79.1,79.23,78.03,78.51,19943595.0,0.0,1.0,79.1,79.23,78.03,78.51,19943595.0
FB,2015-05-11,78.48,79.03,77.93,78.01,18874054.0,0.0,1.0,78.48,79.03,77.93,78.01,18874054.0
FB,2015-05-12,77.87,77.89,76.79,77.46,21285310.0,0.0,1.0,77.87,77.89,76.79,77.46,21285310.0
FB,2015-05-13,77.72,78.53,77.65,78.44,21512309.0,0.0,1.0,77.72,78.53,77.65,78.44,21512309.0
FB,2015-05-14,78.94,81.845,78.67,81.37,49437996.0,0.0,1.0,78.94,81.845,78.67,81.37,49437996.0
FB,2015-05-15,81.41,81.52,80.18,80.42,27069884.0,0.0,1.0,81.41,81.52,80.18,80.42,27069884.0
FB,2015-05-18,80.33,81.38,80.23,80.88,21613674.0,0.0,1.0,80.33,81.38,80.23,80.88,21613674.0
FB,2015-05-19,81.25,81.69,80.55,80.63,17955389.0,0.0,1.0,81.25,81.69,80.55,80.63,17955389.0
FB,2015-05-20,80.47,81.1,79.46,80.55,23056899.0,0.0,1.0,80.47,81.1,79.46,80.55,23056899.0
FB,2015-05-21,80.19,80.92,80.08,80.48,13402749.0,0.0,1.0,80.19,80.92,80.08,80.48,13402749.0
FB,2015-05-22,80.35,81.31,80.25,80.54,19567937.0,0.0,1.0,80.35,81.31,80.25,80.54,19567937.0
FB,2015-05-26,80.43,80.6,79.08,79.335,16321339.0,0.0,1.0,80.43,80.6,79.08,79.335,16321339.0
FB,2015-05-27,79.6,80.66,79.43,80.55,14160865.0,0.0,1.0,79.6,80.66,79.43,80.55,14160865.0
FB,2015-05-28,80.25,81.0745,80.0,80.145,11982008.0,0.0,1.0,80.25,81.0745,80.0,80.145,11982008.0
FB,2015-05-29,79.95,80.07,78.88,79.19,16134580.0,0.0,1.0,79.95,80.07,78.88,79.19,16134580.0
FB,2015-06-01,79.3,80.38,78.66,80.29,18119012.0,0.0,1.0,79.3,80.38,78.66,80.29,18119012.0
FB,2015-06-02,79.76,81.35,79.56,80.445,18923300.0,0.0,1.0,79.76,81.35,79.56,80.445,18923300.0
FB,2015-06-03,81.35,82.53,81.25,82.44,31774993.0,0.0,1.0,81.35,82.53,81.25,82.44,31774993.0
FB,2015-06-04,82.14,82.95,81.51,82.05,20863877.0,0.0,1.0,82.14,82.95,81.51,82.05,20863877.0
FB,2015-06-05,81.87,82.46,81.51,82.14,16143093.0,0.0,1.0,81.87,82.46,81.51,82.14,16143093.0
FB,2015-06-08,81.82,82.0,80.13,80.67,16915471.0,0.0,1.0,81.82,82.0,80.13,80.67,16915471.0
FB,2015-06-09,80.6,81.19,79.32,80.67,16497538.0,0.0,1.0,80.6,81.19,79.32,80.67,16497538.0
FB,2015-06-10,80.83,82.6,80.81,82.16,21531208.0,0.0,1.0,80.83,82.6,80.81,82.16,21531208.0
FB,2015-06-11,82.31,82.9,81.36,81.83,18656811.0,0.0,1.0,82.31,82.9,81.36,81.83,18656811.0
FB,2015-06-12,81.37,82.09,81.2,81.53,11417882.0,0.0,1.0,81.37,82.09,81.2,81.53,11417882.0
FB,2015-06-15,80.55,80.93,80.07,80.71,18805087.0,0.0,1.0,80.55,80.93,80.07,80.71,18805087.0
FB,2015-06-16,80.82,81.51,80.45,81.06,13693666.0,0.0,1.0,80.82,81.51,80.45,81.06,13693666.0
FB,2015-06-17,81.76,82.22,81.34,81.79,18350287.0,0.0,1.0,81.76,82.22,81.34,81.79,18350287.0
FB,2015-06-18,81.64,83.19,81.57,82.905,26782573.0,0.0,1.0,81.64,83.19,81.57,82.905,26782573.0
FB,2015-06-19,82.83,82.98,82.12,82.51,23353194.0,0.0,1.0,82.83,82.98,82.12,82.51,23353194.0
FB,2015-06-22,83.41,84.97,83.31,84.74,29383079.0,0.0,1.0,83.41,84.97,83.31,84.74,29383079.0
FB,2015-06-23,84.96,87.97,84.76,87.88,50667853.0,0.0,1.0,84.96,87.97,84.76,87.88,50667853.0
FB,2015-06-24,87.66,89.25,87.45,88.86,41370227.0,0.0,1.0,87.66,89.25,87.45,88.86,41370227.0
FB,2015-06-25,89.26,89.4,87.835,87.98,27301967.0,0.0,1.0,89.26,89.4,87.835,87.98,27301967.0
FB,2015-06-26,88.12,88.34,86.8283,88.01,38214647.0,0.0,1.0,88.12,88.34,86.8283,88.01,38214647.0
FB,2015-06-29,86.61,87.5,85.73,85.8,35957872.0,0.0,1.0,86.61,87.5,85.73,85.8,35957872.0
FB,2015-06-30,86.6,86.7,85.57,85.765,23233183.0,0.0,1.0,86.6,86.7,85.57,85.765,23233183.0
FB,2015-07-01,86.77,87.95,86.49,86.91,25260045.0,0.0,1.0,86.77,87.95,86.49,86.91,25260045.0
FB,2015-07-02,87.4,87.44,86.3401,87.285,16908781.0,0.0,1.0,87.4,87.44,86.3401,87.285,16908781.0
FB,2015-07-06,86.49,88.1846,86.39,87.55,24635915.0,0.0,1.0,86.49,88.1846,86.39,87.55,24635915.0
FB,2015-07-07,87.8,87.85,85.231,87.22,33059921.0,0.0,1.0,87.8,87.85,85.231,87.22,33059921.0
FB,2015-07-08,86.29,86.75,85.445,85.65,24399340.0,0.0,1.0,86.29,86.75,85.445,85.65,24399340.0
FB,2015-07-09,86.73,87.6,85.6499,85.88,23307402.0,0.0,1.0,86.73,87.6,85.6499,85.88,23307402.0
FB,2015-07-10,87.35,88.22,86.77,87.95,23245873.0,0.0,1.0,87.35,88.22,86.77,87.95,23245873.0
FB,2015-07-13,88.66,90.22,88.42,90.1,29976670.0,0.0,1.0,88.66,90.22,88.42,90.1,29976670.0
FB,2015-07-14,90.46,90.8,89.65,89.68,26627849.0,0.0,1.0,90.46,90.8,89.65,89.68,26627849.0
FB,2015-07-15,90.0,90.99,89.42,89.76,30886601.0,0.0,1.0,90.0,90.99,89.42,89.76,30886601.0
FB,2015-07-16,90.28,90.86,89.77,90.85,21804086.0,0.0,1.0,90.28,90.86,89.77,90.85,21804086.0
FB,2015-07-17,92.55,95.39,92.54,94.97,54001635.0,0.0,1.0,92.55,95.39,92.54,94.97,54001635.0
FB,2015-07-20,95.85,98.6,95.36,97.91,54860541.0,0.0,1.0,95.85,98.6,95.36,97.91,54860541.0
FB,2015-07-21,98.95,99.24,97.1427,98.39,39453332.0,0.0,1.0,98.95,99.24,97.1427,98.39,39453332.0
FB,2015-07-22,96.74,97.58,95.92,97.04,28299518.0,0.0,1.0,96.74,97.58,95.92,97.04,28299518.0
FB,2015-07-23,96.96,97.45,94.81,95.44,29418833.0,0.0,1.0,96.96,97.45,94.81,95.44,29418833.0
FB,2015-07-24,97.35,97.76,95.88,96.95,33444930.0,0.0,1.0,97.35,97.76,95.88,96.95,33444930.0
FB,2015-07-27,96.58,96.61,93.8301,94.17,38585381.0,0.0,1.0,96.58,96.61,93.8301,94.17,38585381.0
FB,2015-07-28,94.84,95.56,93.31,95.29,35235993.0,0.0,1.0,94.84,95.56,93.31,95.29,35235993.0
FB,2015-07-29,96.32,97.28,94.74,96.99,64648320.0,0.0,1.0,96.32,97.28,94.74,96.99,64648320.0
FB,2015-07-30,94.91,95.81,91.8,95.21,86211323.0,0.0,1.0,94.91,95.81,91.8,95.21,86211323.0
FB,2015-07-31,94.95,96.33,93.95,94.01,46509045.0,0.0,1.0,94.95,96.33,93.95,94.01,46509045.0
FB,2015-08-03,93.53,95.08,92.8,94.14,29343117.0,0.0,1.0,93.53,95.08,92.8,94.14,29343117.0
FB,2015-08-04,93.79,94.73,93.33,94.06,20136036.0,0.0,1.0,93.79,94.73,93.33,94.06,20136036.0
FB,2015-08-05,95.25,97.09,95.18,96.44,29629221.0,0.0,1.0,95.25,97.09,95.18,96.44,29629221.0
FB,2015-08-06,97.18,98.74,94.42,95.12,42271318.0,0.0,1.0,97.18,98.74,94.42,95.12,42271318.0
FB,2015-08-07,95.38,95.4,93.61,94.3,23199145.0,0.0,1.0,95.38,95.4,93.61,94.3,23199145.0
FB,2015-08-10,95.68,95.9,93.63,94.15,21624153.0,0.0,1.0,95.68,95.9,93.63,94.15,21624153.0
FB,2015-08-11,93.73,94.76,92.9006,93.62,22491031.0,0.0,1.0,93.73,94.76,92.9006,93.62,22491031.0
FB,2015-08-12,92.7,94.44,91.19,94.19,27120375.0,0.0,1.0,92.7,94.44,91.19,94.19,27120375.0
FB,2015-08-13,94.05,94.73,93.35,93.43,17451768.0,0.0,1.0,94.05,94.73,93.35,93.43,17451768.0
FB,2015-08-14,93.54,94.72,93.21,94.42,15929656.0,0.0,1.0,93.54,94.72,93.21,94.42,15929656.0
FB,2015-08-17,94.42,94.46,93.39,93.93,18313531.0,0.0,1.0,94.42,94.46,93.39,93.93,18313531.0
FB,2015-08-18,94.08,95.85,94.04,95.17,22278848.0,0.0,1.0,94.08,95.85,94.04,95.17,22278848.0
FB,2015-08-19,94.63,96.1,94.161,95.31,23251271.0,0.0,1.0,94.63,96.1,94.161,95.31,23251271.0
FB,2015-08-20,93.54,94.77,90.46,90.56,44598224.0,0.0,1.0,93.54,94.77,90.46,90.56,44598224.0
FB,2015-08-21,87.52,89.18,85.61,86.06,62778680.0,0.0,1.0,87.52,89.18,85.61,86.06,62778680.0
FB,2015-08-24,77.03,87.14,72.0,82.09,83710727.0,0.0,1.0,77.03,87.14,72.0,82.09,83710727.0
FB,2015-08-25,86.95,87.67,83.0,83.0,52021230.0,0.0,1.0,86.95,87.67,83.0,83.0,52021230.0
FB,2015-08-26,85.95,87.46,83.26,87.19,45124302.0,0.0,1.0,85.95,87.46,83.26,87.19,45124302.0
FB,2015-08-27,89.19,90.06,87.19,89.73,42431375.0,0.0,1.0,89.19,90.06,87.19,89.73,42431375.0
FB,2015-08-28,89.94,91.48,89.792,91.01,33215885.0,0.0,1.0,89.94,91.48,89.792,91.01,33215885.0
FB,2015-08-31,90.59,91.05,88.89,89.43,32850666.0,0.0,1.0,90.59,91.05,88.89,89.43,32850666.0
FB,2015-09-01,86.99,89.39,86.5,87.23,36097370.0,0.0,1.0,86.99,89.39,86.5,87.23,36097370.0
FB,2015-09-02,88.82,89.89,87.63,89.89,27190527.0,0.0,1.0,88.82,89.89,87.63,89.89,27190527.0
FB,2015-09-03,89.76,89.82,87.73,88.15,27048198.0,0.0,1.0,89.76,89.82,87.73,88.15,27048198.0
FB,2015-09-04,87.2,88.39,86.7,88.26,27328667.0,0.0,1.0,87.2,88.39,86.7,88.26,27328667.0
FB,2015-09-08,89.69,90.24,88.83,89.53,27012543.0,0.0,1.0,89.69,90.24,88.83,89.53,27012543.0
FB,2015-09-09,90.78,91.98,90.17,90.44,32551123.0,0.0,1.0,90.78,91.98,90.17,90.44,32551123.0
FB,2015-09-10,90.07,92.06,89.63,91.98,26437398.0,0.0,1.0,90.07,92.06,89.63,91.98,26437398.0
FB,2015-09-11,91.68,92.08,91.13,92.05,21185049.0,0.0,1.0,91.68,92.08,91.13,92.05,21185049.0
FB,2015-09-14,92.31,92.62,91.6,92.31,20127871.0,0.0,1.0,92.31,92.62,91.6,92.31,20127871.0
FB,2015-09-15,92.37,93.25,91.79,92.9,18859351.0,0.0,1.0,92.37,93.25,91.79,92.9,18859351.0
FB,2015-09-16,92.9,93.6,92.63,93.45,16321193.0,0.0,1.0,92.9,93.6,92.63,93.45,16321193.0
FB,2015-09-17,93.37,95.51,92.9,94.34,27841803.0,0.0,1.0,93.37,95.51,92.9,94.34,27841803.0
FB,2015-09-18,93.2,95.19,93.05,94.4,62299984.0,0.0,1.0,93.2,95.19,93.05,94.4,62299984.0
FB,2015-09-21,94.62,96.49,94.52,95.55,28789973.0,0.0,1.0,94.62,96.49,94.52,95.55,28789973.0
FB,2015-09-22,93.77,94.68,91.92,92.96,36888893.0,0.0,1.0,93.77,94.68,91.92,92.96,36888893.0
FB,2015-09-23,93.4,94.32,92.8,93.97,21701427.0,0.0,1.0,93.4,94.32,92.8,93.97,21701427.0
FB,2015-09-24,93.06,94.765,92.24,94.41,29105964.0,0.0,1.0,93.06,94.765,92.24,94.41,29105964.0
FB,2015-09-25,95.79,95.85,92.06,92.77,28961622.0,0.0,1.0,95.79,95.85,92.06,92.77,28961622.0
FB,2015-09-28,92.08,92.29,88.18,89.21,40914897.0,0.0,1.0,92.08,92.29,88.18,89.21,40914897.0
FB,2015-09-29,89.1,90.06,85.72,86.67,42281838.0,0.0,1.0,89.1,90.06,85.72,86.67,42281838.0
FB,2015-09-30,88.44,90.02,88.01,89.73,35159225.0,0.0,1.0,88.44,90.02,88.01,89.73,35159225.0
FB,2015-10-01,90.05,90.95,88.36,90.95,29283652.0,0.0,1.0,90.05,90.95,88.36,90.95,29283652.0
FB,2015-10-02,88.9,92.2,88.37,92.07,37881652.0,0.0,1.0,88.9,92.2,88.37,92.07,37881652.0
FB,2015-10-05,92.94,94.27,92.66,94.01,27292517.0,0.0,1.0,92.94,94.27,92.66,94.01,27292517.0
FB,2015-10-06,94.08,94.17,92.34,92.8,22488275.0,0.0,1.0,94.08,94.17,92.34,92.8,22488275.0
FB,2015-10-07,93.11,93.66,91.37,92.4,24129277.0,0.0,1.0,93.11,93.66,91.37,92.4,24129277.0
FB,2015-10-08,91.89,93.22,90.47,92.47,27290523.0,0.0,1.0,91.89,93.22,90.47,92.47,27290523.0
FB,2015-10-09,92.9,93.74,92.239,93.24,20012911.0,0.0,1.0,92.9,93.74,92.239,93.24,20012911.0
FB,2015-10-12,93.32,94.6,92.67,94.26,18449562.0,0.0,1.0,93.32,94.6,92.67,94.26,18449562.0
FB,2015-10-13,93.66,95.37,93.55,94.12,19480347.0,0.0,1.0,93.66,95.37,93.55,94.12,19480347.0
FB,2015-10-14,94.08,95.2,93.61,94.07,19253351.0,0.0,1.0,94.08,95.2,93.61,94.07,19253351.0
FB,2015-10-15,94.99,96.3,94.9,95.96,27557516.0,0.0,1.0,94.99,96.3,94.9,95.96,27557516.0
FB,2015-10-16,96.18,97.59,95.35,97.54,25412856.0,0.0,1.0,96.18,97.59,95.35,97.54,25412856.0
FB,2015-10-19,97.18,98.57,96.92,98.47,23729924.0,0.0,1.0,97.18,98.57,96.92,98.47,23729924.0
FB,2015-10-20,98.73,99.59,96.56,97.0,30881777.0,0.0,1.0,98.73,99.59,96.56,97.0,30881777.0
FB,2015-10-21,97.37,98.18,96.47,97.11,22003730.0,0.0,1.0,97.37,98.18,96.47,97.11,22003730.0
FB,2015-10-22,97.79,99.73,97.55,99.67,26392075.0,0.0,1.0,97.79,99.73,97.55,99.67,26392075.0
FB,2015-10-23,101.91,102.85,100.16,102.19,42809661.0,0.0,1.0,101.91,102.85,100.16,102.19,42809661.0
FB,2015-10-26,102.2,103.81,101.55,103.77,25961212.0,0.0,1.0,102.2,103.81,101.55,103.77,25961212.0
FB,2015-10-27,102.94,104.1,102.4,103.7,23795472.0,0.0,1.0,102.94,104.1,102.4,103.7,23795472.0
FB,2015-10-28,103.9,104.48,102.92,104.2,24081515.0,0.0,1.0,103.9,104.48,102.92,104.2,24081515.0
FB,2015-10-29,103.96,105.12,103.52,104.88,20316691.0,0.0,1.0,103.96,105.12,103.52,104.88,20316691.0
FB,2015-10-30,104.51,104.72,101.65,101.97,33487104.0,0.0,1.0,104.51,104.72,101.65,101.97,33487104.0
FB,2015-11-02,102.46,103.47,101.18,103.31,24003944.0,0.0,1.0,102.46,103.47,101.18,103.31,24003944.0
FB,2015-11-03,103.22,103.65,102.4,102.58,21242341.0,0.0,1.0,103.22,103.65,102.4,102.58,21242341.0
FB,2015-11-04,103.19,104.14,102.48,103.94,43469308.0,0.0,1.0,103.19,104.14,102.48,103.94,43469308.0
FB,2015-11-05,108.8,110.65,107.95,108.76,63232861.0,0.0,1.0,108.8,110.65,107.95,108.76,63232861.0
FB,2015-11-06,108.04,108.74,105.91,107.095,35084342.0,0.0,1.0,108.04,108.74,105.91,107.095,35084342.0
FB,2015-11-09,107.0,108.25,105.86,106.49,26383540.0,0.0,1.0,107.0,108.25,105.86,106.49,26383540.0
FB,2015-11-10,105.96,108.15,105.24,107.91,25031681.0,0.0,1.0,105.96,108.15,105.24,107.91,25031681.0
FB,2015-11-11,108.27,109.87,107.11,109.01,25057099.0,0.0,1.0,108.27,109.87,107.11,109.01,25057099.0
FB,2015-11-12,108.48,109.39,108.0,108.02,20924674.0,0.0,1.0,108.48,109.39,108.0,108.02,20924674.0
FB,2015-11-13,107.71,108.25,103.83,103.95,30278403.0,0.0,1.0,107.71,108.25,103.83,103.95,30278403.0
FB,2015-11-16,103.32,104.17,100.47,104.04,49309167.0,0.0,1.0,103.32,104.17,100.47,104.04,49309167.0
FB,2015-11-17,104.62,106.2,104.14,105.13,26774146.0,0.0,1.0,104.62,106.2,104.14,105.13,26774146.0
FB,2015-11-18,105.8,107.88,105.39,107.77,23836526.0,0.0,1.0,105.8,107.88,105.39,107.77,23836526.0
FB,2015-11-19,107.36,107.73,105.95,106.26,25520599.0,0.0,1.0,107.36,107.73,105.95,106.26,25520599.0
FB,2015-11-20,106.84,107.87,106.62,107.32,22129648.0,0.0,1.0,106.84,107.87,106.62,107.32,22129648.0
FB,2015-11-23,107.19,107.468,106.08,106.95,19897220.0,0.0,1.0,107.19,107.468,106.08,106.95,19897220.0
FB,2015-11-24,106.0,106.49,104.39,105.74,23577293.0,0.0,1.0,106.0,106.49,104.39,105.74,23577293.0
FB,2015-11-25,106.33,106.6,105.1,105.41,15150785.0,0.0,1.0,106.33,106.6,105.1,105.41,15150785.0
FB,2015-11-27,105.78,105.96,104.86,105.45,5913066.0,0.0,1.0,105.78,105.96,104.86,105.45,5913066.0
FB,2015-11-30,105.84,106.0999,103.75,104.24,20383179.0,0.0,1.0,105.84,106.0999,103.75,104.24,20383179.0
FB,2015-12-01,104.83,107.15,104.5,107.12,22781868.0,0.0,1.0,104.83,107.15,104.5,107.12,22781868.0
FB,2015-12-02,107.0,107.92,105.79,106.07,24429063.0,0.0,1.0,107.0,107.92,105.79,106.07,24429063.0
FB,2015-12-03,106.27,106.85,103.35,104.38,23236485.0,0.0,1.0,106.27,106.85,103.35,104.38,23236485.0
FB,2015-12-04,104.81,107.73,104.11,106.18,21224721.0,0.0,1.0,104.81,107.73,104.11,106.18,21224721.0
FB,2015-12-07,106.48,106.83,104.66,105.61,15474890.0,0.0,1.0,106.48,106.83,104.66,105.61,15474890.0
FB,2015-12-08,104.0,106.91,103.95,106.49,20401791.0,0.0,1.0,104.0,106.91,103.95,106.49,20401791.0
FB,2015-12-09,106.18,106.44,103.55,104.6,23517268.0,0.0,1.0,106.18,106.44,103.55,104.6,23517268.0
FB,2015-12-10,105.05,106.4,104.41,105.42,17454312.0,0.0,1.0,105.05,106.4,104.41,105.42,17454312.0
FB,2015-12-11,104.15,104.34,101.91,102.12,26427727.0,0.0,1.0,104.15,104.34,101.91,102.12,26427727.0
FB,2015-12-14,102.285,104.74,101.46,104.66,24813496.0,0.0,1.0,102.285,104.74,101.46,104.66,24813496.0
FB,2015-12-15,105.3,105.8,104.28,104.55,21764331.0,0.0,1.0,105.3,105.8,104.28,104.55,21764331.0
FB,2015-12-16,105.37,107.09,104.19,106.79,22680547.0,0.0,1.0,105.37,107.09,104.19,106.79,22680547.0
FB,2015-12-17,107.49,107.75,106.13,106.22,21675686.0,0.0,1.0,107.49,107.75,106.13,106.22,21675686.0
FB,2015-12-18,106.08,106.59,103.97,104.04,35994199.0,0.0,1.0,106.08,106.59,103.97,104.04,35994199.0
FB,2015-12-21,104.91,105.15,103.6,104.77,16138786.0,0.0,1.0,104.91,105.15,103.6,104.77,16138786.0
FB,2015-12-22,105.22,105.6601,104.81,105.51,14597122.0,0.0,1.0,105.22,105.6601,104.81,105.51,14597122.0
FB,2015-12-23,105.89,106.11,103.86,104.63,19599673.0,0.0,1.0,105.89,106.11,103.86,104.63,19599673.0
FB,2015-12-24,104.74,105.32,104.5,105.02,6512134.0,0.0,1.0,104.74,105.32,104.5,105.02,6512134.0
FB,2015-12-28,105.02,105.98,104.53,105.93,13069733.0,0.0,1.0,105.02,105.98,104.53,105.93,13069733.0
FB,2015-12-29,106.42,107.74,106.25,107.26,17179901.0,0.0,1.0,106.42,107.74,106.25,107.26,17179901.0
FB,2015-12-30,107.0,107.25,106.06,106.22,13115007.0,0.0,1.0,107.0,107.25,106.06,106.22,13115007.0
FB,2015-12-31,106.0,106.17,104.62,104.66,18391064.0,0.0,1.0,106.0,106.17,104.62,104.66,18391064.0
MSFT,2015-01-02,46.66,47.42,46.54,46.76,27913852.0,0.0,1.0,43.470533356584,44.178583192654,43.358736014047,43.563697808699,27913852.0
MSFT,2015-01-05,46.37,46.73,46.25,46.325,39673865.0,0.0,1.0,43.200356445453,43.535748473065,43.088559102915,43.158432442001,39673865.0
MSFT,2015-01-06,46.38,46.749,45.54,45.65,36447854.0,0.0,1.0,43.209672890664,43.553449718966,42.427091492903,42.529572390229,36447854.0
MSFT,2015-01-07,45.98,46.46,45.49,46.23,29114061.0,0.0,1.0,42.837015082206,43.284204452356,42.380509266846,43.069926212492,29114061.0
MSFT,2015-01-08,46.75,47.7499,46.72,47.59,29645202.0,0.0,1.0,43.554381363487,44.485932720179,43.526432027853,44.336962761248,29645202.0
MSFT,2015-01-09,47.61,47.82,46.9,47.19,23715642.0,0.0,1.0,44.355595651671,44.551241001112,43.694128041659,43.964304952791,23715642.0
MSFT,2015-01-12,47.42,47.54,46.36,46.6,23651887.0,0.0,1.0,44.178583192654,44.290380535191,43.191040000241,43.414634685316,23651887.0
MSFT,2015-01-13,46.97,47.91,46.06,46.355,35270601.0,0.0,1.0,43.759343158139,44.635089008015,42.911546643898,43.186381777635,35270601.0
MSFT,2015-01-14,45.96,46.24,45.62,45.955,29719580.0,0.0,1.0,42.818382191784,43.079242657704,42.501623054595,42.813723969178,29719580.0
MSFT,2015-01-15,46.22,46.38,45.41,45.48,32750779.0,0.0,1.0,43.060609767281,43.209672890664,42.305977705154,42.371192821634,32750779.0
MSFT,2015-01-16,45.31,46.28,45.17,46.24,35695289.0,0.0,1.0,42.21281325304,43.11650843855,42.08238302008,43.079242657704,35695289.0
MSFT,2015-01-20,46.3,46.65,45.57,46.39,36161860.0,0.0,1.0,43.135141328973,43.461216911373,42.455040828537,43.218989335876,36161860.0
MSFT,2015-01-21,45.94,46.14,45.48,45.92,39081143.0,0.0,1.0,42.799749301361,42.98607820559,42.371192821634,42.781116410938,39081143.0
MSFT,2015-01-22,46.38,47.135,46.08,47.13,35898035.0,0.0,1.0,43.209672890664,43.913064504128,42.930179534321,43.908406281522,35898035.0
MSFT,2015-01-23,47.36,47.39,46.8,47.18,26211594.0,0.0,1.0,44.122684521385,44.15063385702,43.600963589545,43.954988507579,26211594.0
MSFT,2015-01-26,47.0,47.1339,46.2399,47.01,42525530.0,0.0,1.0,43.787292493773,43.912039695155,43.079149493252,43.796608938985,42525530.0
MSFT,2015-01-27,42.95,43.2,42.105,42.66,169163953.0,0.0,1.0,40.01413218314,40.247043313426,39.226892562773,39.743955272008,169163953.0
MSFT,2015-01-28,42.74,42.79,41.16,41.19,84507078.0,0.0,1.0,39.8184868337,39.865069059757,38.346488490292,38.374437825926,84507078.0
MSFT,2015-01-29,40.93,42.12,40.79,42.01,63585273.0,0.0,1.0,38.132210250429,39.24086723059,38.001780017468,39.138386333264,63585273.0
MSFT,2015-01-30,41.55,41.58,40.35,40.4,78004944.0,0.0,1.0,38.709829853538,38.737779189172,37.591856428165,37.638438654222,78004944.0
MSFT,2015-02-02,40.59,41.37,40.23,41.28,50352532.0,0.0,1.0,37.81545111324,38.542133839732,37.480059085628,38.458285832829,50352532.0
MSFT,2015-02-03,41.63,41.93,41.045,41.6,52082448.0,0.0,1.0,38.78436141523,39.063854771573,38.23934937036,38.756412079595,52082448.0
MSFT,2015-02-04,41.94,42.21,41.36,41.84,41614812.0,0.0,1.0,39.073171216784,39.324715237493,38.532817394521,38.98000676467,41614812.0
MSFT,2015-02-05,42.22,42.64,41.855,42.45,36548168.0,0.0,1.0,39.334031682705,39.725322381585,38.993981432487,39.548309922568,36548168.0
MSFT,2015-02-06,42.68,42.79,42.15,42.41,34616554.0,0.0,1.0,39.762588162431,39.865069059757,39.268816566224,39.511044141722,34616554.0
MSFT,2015-02-09,42.24,42.74,42.21,42.36,31381061.0,0.0,1.0,39.352664573127,39.8184868337,39.324715237493,39.464461915665,31381061.0
MSFT,2015-02-10,42.74,42.77,42.18,42.6,29670676.0,0.0,1.0,39.8184868337,39.846436169334,39.296765901859,39.688056600739,29670676.0
MSFT,2015-02-11,42.65,42.65,42.21,42.38,38262509.0,0.0,1.0,39.734638826797,39.734638826797,39.324715237493,39.483094806088,38262509.0
MSFT,2015-02-12,42.66,43.09,42.51,43.09,33268831.0,0.0,1.0,39.743955272008,40.1445624161,39.604208593836,40.1445624161,33268831.0
MSFT,2015-02-13,43.38,43.87,43.15,43.87,40264887.0,0.0,1.0,40.414739327232,40.871245142592,40.200461087369,40.871245142592,40264887.0
MSFT,2015-02-17,43.97,44.0,43.19,43.58,33695749.0,0.31,1.0,41.255803972274,41.283952121447,40.523952093757,40.889878033015,33695749.0
MSFT,2015-02-18,43.63,43.7,43.39,43.53,27111657.0,0.0,1.0,40.936791614971,41.00247062971,40.711606421582,40.842964451059,27111657.0
MSFT,2015-02-19,43.18,43.5263,43.05,43.5,27603420.0,0.0,1.0,40.514569377366,40.839492845994,40.39259406428,40.814816301885,27603420.0
MSFT,2015-02-20,43.51,43.88,43.29,43.855,29721133.0,0.0,1.0,40.824199018277,41.171359524752,40.617779257669,41.147902733774,29721133.0
MSFT,2015-02-23,43.7,44.19,43.65,44.15,32518754.0,0.0,1.0,41.00247062971,41.462223732881,40.955557047754,41.424692867316,32518754.0
MSFT,2015-02-24,44.15,44.3,43.92,44.09,25271747.0,0.0,1.0,41.424692867316,41.565433613184,41.208890390317,41.368396568968,25271747.0
MSFT,2015-02-25,43.95,44.09,43.8,43.99,29759820.0,0.0,1.0,41.237038539491,41.368396568968,41.096297793622,41.274569405056,29759820.0
MSFT,2015-02-26,43.99,44.23,43.89,44.055,28957329.0,0.0,1.0,41.274569405056,41.499754598446,41.180742241144,41.335557061599,28957329.0
MSFT,2015-02-27,44.13,44.2,43.66,43.85,33807740.0,0.0,1.0,41.405927434533,41.471606449272,40.964939764145,41.143211375579,33807740.0
MSFT,2015-03-02,43.67,44.19,43.55,43.88,31924049.0,0.0,1.0,40.974322480536,41.462223732881,40.861729883842,41.171359524752,31924049.0
MSFT,2015-03-03,43.56,43.825,43.09,43.28,31748648.0,0.0,1.0,40.871112600233,41.119754584601,40.430124929845,40.608396541278,31748648.0
MSFT,2015-03-04,43.01,43.21,42.88,43.055,25748692.0,0.0,1.0,40.355063198715,40.542717526539,40.233087885629,40.397285422475,25748692.0
MSFT,2015-03-05,43.07,43.24,42.82,43.11,23193541.0,0.0,1.0,40.411359497062,40.570865675713,40.176791587281,40.448890362627,23193541.0
MSFT,2015-03-06,43.0,43.11,42.15,42.36,36248785.0,0.0,1.0,40.345680482323,40.448890362627,39.548149589068,39.745186633284,36248785.0
MSFT,2015-03-09,42.19,43.125,42.19,42.85,32107957.0,0.0,1.0,39.585680454633,40.462964437214,39.585680454633,40.204939736455,32107957.0
MSFT,2015-03-10,42.35,42.71,42.03,42.03,39159730.0,0.0,1.0,39.735803916893,40.073581706978,39.435556992373,39.435556992373,39159730.0
MSFT,2015-03-11,42.31,42.37,41.84,41.98,32215314.0,0.0,1.0,39.698273051328,39.754569349675,39.25728538094,39.388643410417,32215314.0
MSFT,2015-03-12,41.33,41.65,40.86,41.02,59992502.0,0.0,1.0,38.778766844987,39.079013769506,38.337779174599,38.487902636858,59992502.0
MSFT,2015-03-13,40.7,41.47,40.61,41.38,58007705.0,0.0,1.0,38.187655712339,38.910124874464,38.103211264818,38.825680426943,58007705.0
MSFT,2015-03-16,41.47,41.64,41.28,41.56,35273452.0,0.0,1.0,38.910124874464,39.069631053115,38.731853263031,38.994569321985,35273452.0
MSFT,2015-03-17,41.37,41.83,41.15,41.695,31673448.0,0.0,1.0,38.816297710552,39.247902664549,38.609877949944,39.121235993267,31673448.0
MSFT,2015-03-18,41.43,42.83,41.33,42.5,44194771.0,0.0,1.0,38.872594008899,40.186174303672,38.778766844987,39.876544662762,44194771.0
MSFT,2015-03-19,42.26,42.59,42.22,42.285,33879066.0,0.0,1.0,39.651359469372,39.960989110283,39.613828603807,39.67481626035,33879066.0
MSFT,2015-03-20,42.56,42.98,42.49,42.88,71904529.0,0.0,1.0,39.932840961109,40.326915049541,39.86716194637,40.233087885629,71904529.0
MSFT,2015-03-23,42.88,43.13,42.78,42.855,26246086.0,0.0,1.0,40.233087885629,40.46765579541,40.139260721716,40.20963109465,26246086.0
MSFT,2015-03-24,42.78,43.17,42.75,42.9,25513252.0,0.0,1.0,40.139260721716,40.505186660974,40.111112572542,40.251853318411,25513252.0
MSFT,2015-03-25,42.92,42.925,41.44,41.46,43469907.0,0.0,1.0,40.270618751194,40.275310109389,38.88197672529,38.900742158073,43469907.0
MSFT,2015-03-26,41.22,41.61,40.92,41.21,37495627.0,0.0,1.0,38.675556964683,39.041482903941,38.394075472946,38.666174248292,37495627.0
MSFT,2015-03-27,41.12,41.43,40.83,40.97,34401398.0,0.0,1.0,38.581729800771,38.872594008899,38.309631025425,38.440989054902,34401398.0
MSFT,2015-03-30,41.1,41.54,40.91,40.96,35049662.0,0.0,1.0,38.562964367988,38.975803889203,38.384692756555,38.431606338511,35049662.0
MSFT,2015-03-31,40.78,41.03,40.54,40.655,34887219.0,0.0,1.0,38.262717443469,38.49728535325,38.037532250079,38.145433488578,34887219.0
MSFT,2015-04-01,40.6,40.76,40.31,40.72,36865322.0,0.0,1.0,38.093828548426,38.243952010686,37.82172977308,38.206421145121,36865322.0
MSFT,2015-04-02,40.66,40.74,40.12,40.29,37487476.0,0.0,1.0,38.150124846774,38.225186577904,37.643458161647,37.802964340298,37487476.0
MSFT,2015-04-06,40.34,41.78,40.18,41.545,39223692.0,0.0,1.0,37.849877922254,39.200989082592,37.699754459994,38.980495247398,39223692.0
MSFT,2015-04-07,41.61,41.91,41.31,41.53,28809375.0,0.0,1.0,39.041482903941,39.322964395678,38.760001412204,38.966421172811,28809375.0
MSFT,2015-04-08,41.46,41.69,41.04,41.42,24753438.0,0.0,1.0,38.900742158073,39.116544635071,38.506668069641,38.863211292508,24753438.0
MSFT,2015-04-09,41.25,41.62,41.25,41.48,25723861.0,0.0,1.0,38.703705113857,39.050865620333,38.703705113857,38.919507590855,25723861.0
MSFT,2015-04-10,41.63,41.95,41.41,41.72,28022002.0,0.0,1.0,39.060248336724,39.360495261243,38.853828576117,39.144692784245,28022002.0
MSFT,2015-04-13,41.4,42.06,41.39,41.76,30276692.0,0.0,1.0,38.844445859725,39.463705141547,38.835063143334,39.18222364981,30276692.0
MSFT,2015-04-14,41.8,42.03,41.39,41.65,24244382.0,0.0,1.0,39.219754515375,39.435556992373,38.835063143334,39.079013769506,24244382.0
MSFT,2015-04-15,41.76,42.46,41.68,42.255,27343581.0,0.0,1.0,39.18222364981,39.839013797197,39.10716191868,39.646668111176,27343581.0
MSFT,2015-04-16,41.95,42.34,41.82,42.16,22509652.0,0.0,1.0,39.360495261243,39.726421200502,39.238519948157,39.557532305459,22509652.0
MSFT,2015-04-17,41.67,41.74,41.16,41.615,42387608.0,0.0,1.0,39.097779202289,39.163458217027,38.619260666336,39.046174262137,42387608.0
MSFT,2015-04-20,41.73,43.17,41.68,42.905,46057733.0,0.0,1.0,39.154075500636,40.505186660974,39.10716191868,40.256544676607,46057733.0
MSFT,2015-04-21,43.0,43.15,42.53,42.635,26013844.0,0.0,1.0,40.345680482323,40.486421228192,39.904692811935,40.003211334043,26013844.0
MSFT,2015-04-22,42.67,43.13,42.55,42.985,25064273.0,0.0,1.0,40.036050841413,40.46765579541,39.923458244718,40.331606407737,25064273.0
MSFT,2015-04-23,42.89,43.61,42.8,43.34,46309530.0,0.0,1.0,40.24247060202,40.918026182189,40.158026154499,40.664692839626,46309530.0
MSFT,2015-04-24,45.66,48.14,45.65,47.87,130933665.0,0.0,1.0,42.841483042393,45.16839670742,42.832100326002,44.915063364856,130933665.0
MSFT,2015-04-27,47.23,48.13,47.22,48.03,59248172.0,0.0,1.0,44.314569515817,45.159013991029,44.305186799426,45.065186827116,59248172.0
MSFT,2015-04-28,47.78,49.21,47.7,49.155,60730778.0,0.0,1.0,44.830618917335,46.172347361282,44.755557186205,46.12074242113,60730778.0
MSFT,2015-04-29,48.72,49.31,48.5,49.06,47804562.0,0.0,1.0,45.712594258112,46.266174525195,45.506174497504,46.031606615414,47804562.0
MSFT,2015-04-30,48.7,49.54,48.6,48.64,64725457.0,0.0,1.0,45.693828825329,46.481977002193,45.600001661417,45.637532526982,64725457.0
MSFT,2015-05-01,48.58,48.875,48.4,48.655,38937336.0,0.0,1.0,45.581236228634,45.858026362176,45.412347333592,45.651606601569,38937336.0
MSFT,2015-05-04,48.37,48.87,48.18,48.24,34039485.0,0.0,1.0,45.384199184418,45.85333500398,45.205927572985,45.262223871332,34039485.0
MSFT,2015-05-05,47.82,48.16,47.31,47.6,50369191.0,0.0,1.0,44.8681497829,45.187162140202,44.389631246947,44.661730022293,50369191.0
MSFT,2015-05-06,47.57,47.77,46.02,46.28,52433020.0,0.0,1.0,44.633581873119,44.821236200944,43.179260832477,43.42321145865,52433020.0
MSFT,2015-05-07,46.27,47.085,46.16,46.7,32971654.0,0.0,1.0,43.413828742258,44.178520128144,43.310618861955,43.817285547082,32971654.0
MSFT,2015-05-08,47.55,47.98,47.52,47.75,35364911.0,0.0,1.0,44.614816440337,45.01827324516,44.586668291163,44.802470768161,35364911.0
MSFT,2015-05-11,47.55,47.91,47.37,47.37,24609416.0,0.0,1.0,44.614816440337,44.952594230421,44.445927545294,44.445927545294,24609416.0
MSFT,2015-05-12,46.85,47.68,46.42,47.35,29928264.0,0.0,1.0,43.95802629295,44.736791753423,43.554569488127,44.427162112512,29928264.0
MSFT,2015-05-13,48.19,48.32,47.57,47.625,34184613.0,0.0,1.0,45.215310289376,45.337285602462,44.633581873119,44.685186813271,34184613.0
MSFT,2015-05-14,48.0301,48.82,48.03,48.72,32980892.0,0.0,1.0,45.06528065428,45.806421422024,45.065186827116,45.712594258112,32980892.0
MSFT,2015-05-15,48.87,48.905,48.05,48.295,28642694.0,0.0,1.0,45.85333500398,45.886174511349,45.083952259899,45.313828811484,28642694.0
MSFT,2015-05-18,47.98,48.22,47.61,48.01,24136502.0,0.0,1.0,45.01827324516,45.24345843855,44.671112738684,45.046421394334,24136502.0
MSFT,2015-05-19,47.56,47.81,47.18,47.58,28574813.0,0.31,1.0,44.914941101633,45.151037301705,44.556074877524,44.933828797639,28574813.0
MSFT,2015-05-20,47.39,47.93,47.27,47.58,25047919.0,0.0,1.0,44.754395685584,45.264363477739,44.64106950955,44.933828797639,25047919.0
MSFT,2015-05-21,47.28,47.6,47.005,47.42,22410698.0,0.0,1.0,44.650513357553,44.952716493645,44.390807537474,44.782727229593,22410698.0
MSFT,2015-05-22,47.3,47.35,46.82,46.9,25720583.0,0.0,1.0,44.669401053559,44.716620293573,44.216096349421,44.291647133444,25720583.0
MSFT,2015-05-26,46.83,46.88,46.19,46.59,29581860.0,0.0,1.0,44.225540197424,44.272759437438,43.62113392524,43.998887845355,29581860.0
MSFT,2015-05-27,46.82,47.77,46.62,47.61,27335639.0,0.0,1.0,44.216096349421,45.113261909693,44.027219389364,44.962160341647,27335639.0
MSFT,2015-05-28,47.5,48.02,47.39,47.45,19283666.0,0.0,1.0,44.858278013616,45.349358109765,44.754395685584,44.811058773602,19283666.0
MSFT,2015-05-29,47.43,47.57,46.59,46.86,36519594.0,0.0,1.0,44.792171077596,44.924384949636,43.998887845355,44.253871741432,36519594.0
MSFT,2015-06-01,47.06,47.77,46.62,47.23,28837332.0,0.0,1.0,44.44274870149,45.113261909693,44.027219389364,44.603294117538,28837332.0
MSFT,2015-06-02,46.93,47.35,46.62,46.92,21498326.0,0.0,1.0,44.319978677452,44.716620293573,44.027219389364,44.31053482945,21498326.0
MSFT,2015-06-03,47.37,47.735,46.82,46.85,28002154.0,0.0,1.0,44.735507989579,45.080208441683,44.216096349421,44.24442789343,28002154.0
MSFT,2015-06-04,46.79,47.16,46.2,46.36,27745512.0,0.0,1.0,44.187764805412,44.537187181518,43.630577773243,43.781679341289,27745512.0
MSFT,2015-06-05,46.31,46.52,45.84,46.14,25438086.0,0.0,1.0,43.734460101275,43.932780909335,43.29059924514,43.573914685226,25438086.0
MSFT,2015-06-08,46.3,46.43,45.67,45.73,22121634.0,0.0,1.0,43.725016253272,43.847786277309,43.130053829091,43.186716917109,22121634.0
MSFT,2015-06-09,45.76,45.94,45.46,45.65,24406057.0,0.0,1.0,43.215048461117,43.385037725169,42.931733021031,43.111166133086,24406057.0
MSFT,2015-06-10,45.79,46.83,45.69,46.61,28417405.0,0.0,1.0,43.243380005126,44.225540197424,43.148941525097,44.017775541361,28417405.0
MSFT,2015-06-11,46.66,46.92,46.13,46.44,27347758.0,0.0,1.0,44.064994781375,44.31053482945,43.564470837223,43.857230125312,27347758.0
MSFT,2015-06-12,46.22,46.47,45.9,45.97,23930972.0,0.0,1.0,43.649465469249,43.885561669321,43.347262333157,43.413369269177,23930972.0
MSFT,2015-06-15,45.45,45.65,45.0201,45.475,33254517.0,0.0,1.0,42.922289173028,43.111166133086,42.516298147385,42.945898793035,33254517.0
MSFT,2015-06-16,45.35,46.24,45.3,45.83,27070306.0,0.0,1.0,42.827850693,43.668353165255,42.780631452985,43.281155397137,27070306.0
MSFT,2015-06-17,45.73,46.07,45.36,45.97,28704061.0,0.0,1.0,43.186716917109,43.507807749206,42.837294541002,43.413369269177,28704061.0
MSFT,2015-06-18,46.22,46.8,46.17,46.72,32658343.0,0.0,1.0,43.649465469249,44.197208653415,43.602246229235,44.121657869392,32658343.0
MSFT,2015-06-19,46.79,46.825,45.99,46.1,63837036.0,0.0,1.0,44.187764805412,44.220818273422,43.432256965183,43.536139293215,63837036.0
MSFT,2015-06-22,46.33,46.72,46.16,46.23,20318055.0,0.0,1.0,43.753347797281,44.121657869392,43.592802381232,43.658909317252,20318055.0
MSFT,2015-06-23,46.13,46.28,45.62,45.91,25896473.0,0.0,1.0,43.564470837223,43.706128557266,43.082834589077,43.35670618116,25896473.0
MSFT,2015-06-24,45.67,46.245,45.55,45.635,34890901.0,0.0,1.0,43.130053829091,43.673075089256,43.016727653057,43.097000361081,34890901.0
MSFT,2015-06-25,46.03,46.06,45.5,45.65,20615995.0,0.0,1.0,43.470032357195,43.498363901203,42.969508413043,43.111166133086,20615995.0
MSFT,2015-06-26,45.65,46.28,45.03,45.26,49835287.0,0.0,1.0,43.111166133086,43.706128557266,42.525647556908,42.742856060974,49835287.0
MSFT,2015-06-29,45.04,45.23,44.36,44.37,34081746.0,0.0,1.0,42.535091404911,42.714524516965,41.892909740716,41.902353588719,34081746.0
MSFT,2015-06-30,44.71,44.72,43.94,44.15,35945384.0,0.0,1.0,42.223444420816,42.232888268819,41.496268124595,41.694588932656,35945384.0
MSFT,2015-07-01,44.46,45.23,44.1,44.445,28343907.0,0.0,1.0,41.987348220744,42.714524516965,41.647369692641,41.97318244874,28343907.0
MSFT,2015-07-02,44.48,44.75,44.06,44.4,21752013.0,0.0,1.0,42.00623591675,42.261219812828,41.60959430063,41.930685132727,21752013.0
MSFT,2015-07-06,43.96,44.48,43.95,44.39,23033961.0,0.0,1.0,41.515155820601,42.00623591675,41.505711972598,41.921241284724,23033961.0
MSFT,2015-07-07,44.34,44.49,43.32,44.3,36435827.0,0.0,1.0,41.87402204471,42.015679764753,40.910749548418,41.836246652699,36435827.0
MSFT,2015-07-08,44.44,44.9,44.03,44.24,39785901.0,0.0,1.0,41.968460524739,42.402877532871,41.581262756621,41.779583564681,39785901.0
MSFT,2015-07-09,44.75,45.22,44.5,44.52,32424672.0,0.0,1.0,42.261219812828,42.705080668962,42.025123612756,42.044011308762,32424672.0
MSFT,2015-07-10,45.01,45.14,44.57,44.61,25465757.0,0.0,1.0,42.506759860902,42.629529884939,42.091230548776,42.129005940787,25465757.0
MSFT,2015-07-13,44.975,45.62,44.9501,45.54,28178329.0,0.0,1.0,42.473706392892,43.082834589077,42.450191211365,43.007283805054,28178329.0
MSFT,2015-07-14,45.45,45.96,45.31,45.62,22880260.0,0.0,1.0,42.922289173028,43.403925421174,42.790075300988,43.082834589077,22880260.0
MSFT,2015-07-15,45.68,45.89,45.43,45.76,26629615.0,0.0,1.0,43.139497677094,43.337818485154,42.903401477023,43.215048461117,26629615.0
MSFT,2015-07-16,46.01,46.69,45.965,46.66,26271673.0,0.0,1.0,43.451144661189,44.093326325384,43.408647345176,44.064994781375,26271673.0
MSFT,2015-07-17,46.55,46.78,46.26,46.62,29467107.0,0.0,1.0,43.961112453344,44.17832095741,43.68724086126,44.027219389364,29467107.0
MSFT,2015-07-20,46.65,47.13,46.44,46.92,30631905.0,0.0,1.0,44.055550933372,44.50885563751,43.857230125312,44.31053482945,30631905.0
MSFT,2015-07-21,46.78,47.33,46.48,47.28,42781899.0,0.0,1.0,44.17832095741,44.697732597567,43.895005517324,44.650513357553,42781899.0
MSFT,2015-07-22,45.44,46.93,45.203,45.54,59152427.0,0.0,1.0,42.912845325025,44.319978677452,42.689026127357,43.007283805054,59152427.0
MSFT,2015-07-23,45.27,46.23,45.1,46.11,33934010.0,0.0,1.0,42.752299908977,43.658909317252,42.591754492928,43.545583141217,33934010.0
MSFT,2015-07-24,45.91,46.32,45.8,45.94,32333244.0,0.0,1.0,43.35670618116,43.743903949278,43.252823853129,43.385037725169,32333244.0
MSFT,2015-07-27,45.94,46.01,45.25,45.35,39701420.0,0.0,1.0,43.385037725169,43.451144661189,42.733412212971,42.827850693,39701420.0
MSFT,2015-07-28,45.58,45.639,44.79,45.34,34328948.0,0.0,1.0,43.045059197066,43.100777900282,42.298995204839,42.818406844997,34328948.0
MSFT,2015-07-29,45.4,46.78,45.26,46.29,40945864.0,0.0,1.0,42.875069933014,44.17832095741,42.742856060974,43.715572405269,40945864.0
MSFT,2015-07-30,46.26,47.4,45.93,46.88,39777883.0,0.0,1.0,43.68724086126,44.763839533587,43.375593877166,44.272759437438,39777883.0
MSFT,2015-07-31,47.29,47.37,46.5,46.7,31201480.0,0.0,1.0,44.659957205556,44.735507989579,43.913893213329,44.102770173387,31201480.0
MSFT,2015-08-03,46.98,47.0,46.45,46.81,24125886.0,0.0,1.0,44.367197917467,44.386085613473,43.866673973315,44.206652501418,24125886.0
MSFT,2015-08-04,46.75,47.71,46.68,47.54,33403916.0,0.0,1.0,44.149989413401,45.056598821676,44.083882477381,44.896053405627,33403916.0
MSFT,2015-08-05,47.98,48.41,47.54,47.58,26739584.0,0.0,1.0,45.311582717753,45.717668181877,44.896053405627,44.933828797639,26739584.0
MSFT,2015-08-06,47.71,47.77,46.33,46.62,27368000.0,0.0,1.0,45.056598821676,45.113261909693,43.753347797281,44.027219389364,27368000.0
MSFT,2015-08-07,46.39,46.78,46.26,46.74,19163038.0,0.0,1.0,43.810010885298,44.17832095741,43.68724086126,44.140545565398,19163038.0
MSFT,2015-08-10,46.95,47.49,46.84,47.33,23079870.0,0.0,1.0,44.338866373458,44.848834165613,44.234984045427,44.697732597567,23079870.0
MSFT,2015-08-11,46.82,46.94,45.9,46.41,29237402.0,0.0,1.0,44.216096349421,44.329422525455,43.347262333157,43.828898581303,29237402.0
MSFT,2015-08-12,46.19,46.9,45.705,46.74,30198532.0,0.0,1.0,43.62113392524,44.291647133444,43.163107297101,44.140545565398,30198532.0
MSFT,2015-08-13,47.06,47.1,46.49,46.73,22627241.0,0.0,1.0,44.44274870149,44.480524093501,43.904449365326,44.131101717395,22627241.0
MSFT,2015-08-14,46.53,47.1,46.52,47.0,21473402.0,0.0,1.0,43.942224757338,44.480524093501,43.932780909335,44.386085613473,21473402.0
MSFT,2015-08-17,46.81,47.45,46.57,47.32,21099746.0,0.0,1.0,44.206652501418,44.811058773602,43.980000149349,44.688288749564,21099746.0
MSFT,2015-08-18,46.84,47.43,46.7,47.27,23574104.0,0.31,1.0,44.525080196349,45.085921300444,44.391999256394,44.933828797639,23574104.0
MSFT,2015-08-19,46.78,47.08,46.3,46.61,31485511.0,0.0,1.0,44.468045507797,44.753218950557,44.01176799938,44.306447223566,31485511.0
MSFT,2015-08-20,46.07,46.47,45.66,45.66,36238227.0,0.0,1.0,43.793135026597,44.173366283611,43.403397988157,43.403397988157,36238227.0
MSFT,2015-08-21,45.3,45.48,43.07,43.07,70053084.0,0.0,1.0,43.061189856844,43.232293922501,40.941400598991,40.941400598991,70053084.0
MSFT,2015-08-24,40.45,43.31,39.72,41.68,88753660.0,0.0,1.0,38.450885865549,41.169539353199,37.756963821498,39.620096980867,88753660.0
MSFT,2015-08-25,42.565,43.24,40.39,40.47,70616597.0,0.0,1.0,40.461358637011,41.102998883222,38.393851176997,38.469897428399,70616597.0
MSFT,2015-08-26,42.01,42.84,41.06,42.71,63407996.0,0.0,1.0,39.933787767904,40.722767626208,39.030738532495,40.599192467678,63407996.0
MSFT,2015-08-27,43.14,43.95,42.925,43.9,50943211.0,0.0,1.0,41.007941068968,41.777909364422,40.803566768323,41.730380457295,50943211.0
MSFT,2015-08-28,43.47,44.15,43.39,43.93,28246725.0,0.0,1.0,41.321631856005,41.968024992929,41.245585604602,41.758897801571,28246725.0
MSFT,2015-08-31,43.74,43.93,43.1,43.52,34441662.0,0.0,1.0,41.57828795449,41.758897801571,40.969917943267,41.369160763132,34441662.0
MSFT,2015-09-01,42.23,42.59,41.66,41.82,49688896.0,0.0,1.0,40.142914959261,40.485123090574,39.601085418016,39.753177920822,49688896.0
MSFT,2015-09-02,42.24,43.38,41.88,43.36,37671518.0,0.0,1.0,40.152420740687,41.236079823177,39.810212609374,41.217068260326,37671518.0
MSFT,2015-09-03,43.41,43.98,43.28,43.5,28285205.0,0.0,1.0,41.264597167453,41.806426708698,41.141022008923,41.350149200281,28285205.0
MSFT,2015-09-04,42.81,43.04,42.195,42.61,37138775.0,0.0,1.0,40.694250281932,40.912883254715,40.109644724273,40.504134653425,37138775.0
MSFT,2015-09-08,43.3,44.0,43.2,43.89,32469766.0,0.0,1.0,41.160033571774,41.825438271549,41.064975757521,41.72087467587,32469766.0
MSFT,2015-09-09,44.21,44.4,42.91,43.07,33469485.0,0.0,1.0,42.025059681481,42.205669528563,40.789308096185,40.941400598991,33469485.0
MSFT,2015-09-10,43.12,43.79,42.745,43.29,31366630.0,0.0,1.0,40.988929506118,41.625816861616,40.632462702667,41.150527790349,31366630.0
MSFT,2015-09-11,43.14,43.59,42.9399,43.48,27132527.0,0.0,1.0,41.007941068968,41.435701233109,40.817730382647,41.33113763743,27132527.0
MSFT,2015-09-14,43.43,43.44,42.86,43.04,23656048.0,0.0,1.0,41.283608730304,41.293114511729,40.741779189059,40.912883254715,23656048.0
MSFT,2015-09-15,43.19,44.29,43.08,43.98,28882206.0,0.0,1.0,41.055469976095,42.101105932884,40.950906380416,41.806426708698,28882206.0
MSFT,2015-09-16,43.97,44.38,43.84,44.3,23372162.0,0.0,1.0,41.796920927273,42.186657965712,41.673345768743,42.110611714309,23372162.0
MSFT,2015-09-17,44.29,45.0,44.08,44.25,32768161.0,0.0,1.0,42.101105932884,42.776016414084,41.901484522952,42.063082807183,32768161.0
MSFT,2015-09-18,43.5,43.99,43.33,43.48,63143684.0,0.0,1.0,41.350149200281,41.815932490123,41.18855091605,41.33113763743,63143684.0
MSFT,2015-09-21,43.62,44.47,43.6,44.11,26177224.0,0.0,1.0,41.464218577385,42.27220999854,41.445207014535,41.930001867228,26177224.0
MSFT,2015-09-22,43.38,44.05,43.31,43.9,28085903.0,0.0,1.0,41.236079823177,41.872967178675,41.169539353199,41.730380457295,28085903.0
MSFT,2015-09-23,43.93,44.17,43.51,43.87,17145238.0,0.0,1.0,41.758897801571,41.98703655578,41.359654981706,41.701863113019,17145238.0
MSFT,2015-09-24,43.45,44.13,43.27,43.91,27905607.0,0.0,1.0,41.302620293154,41.949013430078,41.131516227498,41.739886238721,27905607.0
MSFT,2015-09-25,44.48,44.73,43.76,43.94,29384601.0,0.0,1.0,42.281715779966,42.519360315599,41.59729951734,41.768403582997,29384601.0
MSFT,2015-09-28,43.83,44.085,43.205,43.29,27099680.0,0.0,1.0,41.663839987318,41.906237413664,41.069728648233,41.150527790349,27099680.0
MSFT,2015-09-29,43.37,43.57,43.05,43.44,32763557.0,0.0,1.0,41.226574041752,41.416689670259,40.92238903614,41.293114511729,32763557.0
MSFT,2015-09-30,43.88,44.3,43.66,44.2,33172693.0,0.0,1.0,41.711368894445,42.110611714309,41.502241703087,42.015553900056,33172693.0
MSFT,2015-10-01,44.75,44.75,43.75,44.61,28657859.0,0.0,1.0,42.53837187845,42.53837187845,41.587793735915,42.405290938495,28657859.0
MSFT,2015-10-02,44.27,45.57,43.92,45.57,41839035.0,0.0,1.0,42.082094370033,43.317845955329,41.749392020146,43.317845955329,41839035.0
MSFT,2015-10-05,45.745,46.89,45.7,46.63,34369286.0,0.0,1.0,43.484197130273,44.572609103475,43.441421113859,44.325458786416,34369286.0
MSFT,2015-10-06,46.33,47.175,46.22,46.75,27510808.0,0.0,1.0,44.040285343656,44.843523874098,43.935721747977,44.439528163521,27510808.0
MSFT,2015-10-07,47.1,47.35,45.95,46.8,27711492.0,0.0,1.0,44.772230513408,45.009875049042,43.679065649492,44.487057070647,27711492.0
MSFT,2015-10-08,46.56,47.515,46.5,47.45,33772709.0,0.0,1.0,44.258918316439,45.16672044256,44.201883627887,45.104932863295,33772709.0
MSFT,2015-10-09,47.45,47.54,46.92,47.11,28600632.0,0.0,1.0,45.104932863295,45.190484896123,44.601126447752,44.781736294833,28600632.0
MSFT,2015-10-12,46.98,47.07,46.5,47.0,19769066.0,0.0,1.0,44.658161136304,44.743713169132,44.201883627887,44.677172699154,19769066.0
MSFT,2015-10-13,46.56,47.1299,46.56,46.89,19987816.0,0.0,1.0,44.258918316439,44.80065279987,44.258918316439,44.572609103475,19987816.0
MSFT,2015-10-14,46.65,47.1,46.53,46.68,24697766.0,0.0,1.0,44.344470349267,44.772230513408,44.230400972163,44.372987693543,24697766.0
MSFT,2015-10-15,47.01,47.03,46.53,47.01,27189370.0,0.0,1.0,44.68667848058,44.70569004343,44.230400972163,44.68667848058,27189370.0
MSFT,2015-10-16,47.02,47.54,46.897,47.51,26450334.0,0.0,1.0,44.696184262005,45.190484896123,44.579263150473,45.161967551847,26450334.0
MSFT,2015-10-19,47.42,47.88,47.02,47.62,29387581.0,0.0,1.0,45.076415519019,45.513681464585,44.696184262005,45.266531147526,29387581.0
MSFT,2015-10-20,47.44,47.81,47.02,47.77,30802235.0,0.0,1.0,45.09542708187,45.447140994608,44.696184262005,45.409117868906,30802235.0
MSFT,2015-10-21,47.92,47.99,47.11,47.2,25264710.0,0.0,1.0,45.551704590287,45.618245060264,44.781736294833,44.867288327661,25264710.0
MSFT,2015-10-22,47.53,48.95,47.09,48.03,56637074.0,0.0,1.0,45.180979114698,46.530800077098,44.762724731982,45.656268185966,56637074.0
MSFT,2015-10-23,52.3,54.07,52.25,52.87,135227059.0,0.0,1.0,49.715236854591,51.397760166878,49.667707947464,50.257066395836,135227059.0
MSFT,2015-10-26,52.53,54.32,52.5,54.25,64633324.0,0.0,1.0,49.933869827374,51.635404702512,49.905352483098,51.568864232535,64633324.0
MSFT,2015-10-27,53.99,54.37,53.58,53.69,50999907.0,0.0,1.0,51.321713915475,51.682933609639,50.931976877036,51.036540472715,50999907.0
MSFT,2015-10-28,53.54,53.98,52.86,53.98,47000753.0,0.0,1.0,50.893953751335,51.31220813405,50.247560614411,51.31220813405,47000753.0
MSFT,2015-10-29,53.54,53.83,53.22,53.36,30202078.0,0.0,1.0,50.893953751335,51.16962141267,50.589768745723,50.722849685678,30202078.0
MSFT,2015-10-30,53.32,53.99,52.62,52.64,46619761.0,0.0,1.0,50.684826559977,51.321713915475,50.019421860202,50.038433423053,46619761.0
MSFT,2015-11-02,52.85,53.36,52.62,53.24,30284982.0,0.0,1.0,50.238054832985,50.722849685678,50.019421860202,50.608780308574,30284982.0
MSFT,2015-11-03,52.93,54.39,52.9,54.15,36596931.0,0.0,1.0,50.314101084388,51.701945172489,50.285583740112,51.473806418281,36596931.0
MSFT,2015-11-04,54.18,54.88,54.06,54.4,37087849.0,0.0,1.0,51.502323762557,52.167728462332,51.388254385453,51.711450953915,37087849.0
MSFT,2015-11-05,54.49,54.7,54.0,54.38,31468485.0,0.0,1.0,51.797002986743,51.996624396675,51.331219696901,51.692439391064,31468485.0
MSFT,2015-11-06,54.085,54.98,53.964,54.92,32851204.0,0.0,1.0,51.412018839016,52.262786276585,51.296998883769,52.205751588033,32851204.0
MSFT,2015-11-09,54.55,54.87,53.56,54.16,32513067.0,0.0,1.0,51.854037675295,52.158222680906,50.912965314185,51.483312199706,32513067.0
MSFT,2015-11-10,54.07,54.13,53.27,53.51,55283697.0,0.0,1.0,51.397760166878,51.45479485543,50.63729765285,50.865436407058,55283697.0
MSFT,2015-11-11,53.7,54.2,53.46,53.65,36516260.0,0.0,1.0,51.04604625414,51.521335325408,50.817907499932,50.998517347013,36516260.0
MSFT,2015-11-12,53.48,53.9791,53.19,53.32,35361095.0,0.0,1.0,50.836919062782,51.311352613722,50.561251401447,50.684826559977,35361095.0
MSFT,2015-11-13,53.07,53.29,52.53,52.84,36848175.0,0.0,1.0,50.447182024343,50.656309215701,49.933869827374,50.22854905156,36848175.0
MSFT,2015-11-16,53.08,53.89,52.85,53.765,32165198.0,0.0,1.0,50.456687805768,51.226656101222,50.238054832985,51.107833833405,32165198.0
MSFT,2015-11-17,53.17,53.53,52.85,52.97,31546754.0,0.36,1.0,50.885740052716,51.23027393308,50.579487714614,50.694332341402,31546754.0
MSFT,2015-11-18,53.0,53.98,52.9799,53.85,29710030.0,0.0,1.0,50.723043498099,51.660941283536,50.703807023112,51.536526271182,29710030.0
MSFT,2015-11-19,53.99,54.66,53.781,53.94,28149228.0,0.0,1.0,51.670511669101,52.311727502002,51.470490610779,51.622659741273,28149228.0
MSFT,2015-11-20,54.25,54.3,53.265,54.19,37147608.0,0.0,1.0,51.919341693809,51.967193621637,50.97665871559,51.861919380415,37147608.0
MSFT,2015-11-23,54.25,54.46,53.75,54.19,28235918.0,0.0,1.0,51.919341693809,52.120319790688,51.440822415525,51.861919380415,28235918.0
MSFT,2015-11-24,53.92,54.44,53.58,54.25,24600043.0,0.0,1.0,51.603518970142,52.101179019557,51.278125860909,51.919341693809,24600043.0
MSFT,2015-11-25,54.09,54.23,53.69,53.69,21005147.0,0.0,1.0,51.766215524758,51.900200922678,51.383400102131,51.383400102131,21005147.0
MSFT,2015-11-27,53.8,54.08,53.79,53.93,9009132.0,0.0,1.0,51.488674343353,51.756645139192,51.479103957788,51.613089355707,9009132.0
MSFT,2015-11-30,54.54,54.96,53.9999,54.35,56241417.0,0.0,1.0,52.196882875214,52.598839068972,51.679986350811,52.015045549466,56241417.0
MSFT,2015-12-01,54.41,55.23,54.3,55.22,39952779.0,0.0,1.0,52.07246786286,52.857239479246,51.967193621637,52.84766909368,39952779.0
MSFT,2015-12-02,55.32,55.96,55.06,55.21,47274879.0,0.0,1.0,52.943372949337,53.55587762554,52.694542924629,52.838098708114,47274879.0
MSFT,2015-12-03,55.49,55.77,53.93,54.2,38627835.0,0.0,1.0,53.106069503953,53.374040299792,51.613089355707,51.871489765981,38627835.0
MSFT,2015-12-04,54.12,56.23,54.1,55.91,43963662.0,0.0,1.0,51.794926681455,53.814278035814,51.775785910324,53.508025697712,43963662.0
MSFT,2015-12-07,55.79,55.97,55.29,55.81,30709765.0,0.0,1.0,53.393181070924,53.565448011106,52.91466179264,53.412321842055,30709765.0
MSFT,2015-12-08,55.47,56.1,54.99,55.79,32878026.0,0.0,1.0,53.086928732822,53.68986302346,52.627550225669,53.393181070924,32878026.0
MSFT,2015-12-09,55.37,55.87,54.51,54.98,36373209.0,0.0,1.0,52.991224877165,53.469744155449,52.168171718517,52.617979840104,36373209.0
MSFT,2015-12-10,55.39,55.655,55.01,55.27,31775826.0,0.0,1.0,53.010365648296,53.263980865787,52.646690996801,52.895521021508,31775826.0
MSFT,2015-12-11,54.71,55.1,54.01,54.06,39549497.0,0.0,1.0,52.35957942983,52.732824466892,51.689652440233,51.737504368061,39549497.0
MSFT,2015-12-14,54.33,55.21,53.68,55.14,47006491.0,0.0,1.0,51.995904778334,52.838098708114,51.373829716565,52.771106009154,47006491.0
MSFT,2015-12-15,55.66,55.9,55.09,55.2,39842998.0,0.0,1.0,53.26876605857,53.498455312146,52.723254081326,52.828528322549,39842998.0
MSFT,2015-12-16,55.54,56.245,54.76,56.13,37503300.0,0.0,1.0,53.153921431782,53.828633614162,52.407431357659,53.718574180157,37503300.0
MSFT,2015-12-17,56.36,56.79,55.5348,55.7,41280907.0,0.0,1.0,53.938693048167,54.350219627492,53.148944831287,53.307047600833,41280907.0
MSFT,2015-12-18,55.77,56.0,54.03,54.13,84684164.0,0.0,1.0,53.374040299792,53.594159167803,51.708793211364,51.804497067021,84684164.0
MSFT,2015-12-21,54.88,55.35,54.2262,54.83,37246325.0,0.0,1.0,52.522275984447,52.972084106034,51.896564176163,52.474424056618,37246325.0
MSFT,2015-12-22,54.99,55.48,54.5,55.35,28322241.0,0.0,1.0,52.627550225669,53.096499118388,52.158601332951,52.972084106034,28322241.0
MSFT,2015-12-23,55.7,55.88,55.44,55.82,27279832.0,0.0,1.0,53.307047600833,53.479314541015,53.058217576125,53.421892227621,27279832.0
MSFT,2015-12-24,55.86,55.96,55.43,55.67,9570002.0,0.0,1.0,53.460173769883,53.55587762554,53.048647190559,53.278336444135,9570002.0
MSFT,2015-12-28,55.35,55.95,54.98,55.95,22458293.0,0.0,1.0,52.972084106034,53.546307239974,52.617979840104,53.546307239974,22458293.0
MSFT,2015-12-29,56.29,56.85,56.06,56.55,27731403.0,0.0,1.0,53.871700349208,54.407641940886,53.651581481197,54.120530373915,27731403.0
MSFT,2015-12-30,56.47,56.78,56.2875,56.31,21704505.0,0.0,1.0,54.04396728939,54.340649241926,53.869307752816,53.890841120339,21704505.0
MSFT,2015-12-31,56.04,56.19,55.42,55.48,27334061.0,0.0,1.0,53.632440710066,53.775996493551,53.039076804993,53.096499118388,27334061.0
